iterations,theta_1,theta_2,theta_3,phi_1,phi_2,phi_3,p_x,p_y,p_z
0,0.354098,0.354098,0.354098,-0.000000,0.000000,0.000000,0.000000,-0.000000,-150.000000
